answer1,answer2,answer3
"The sentence """""" How do I use an `@Input` for a `boolean` without using `[]`? """""" uses <pattern>How to use NN without using NN</pattern> to describe the required information. The answer is YES.","The sentence """""" scaleToContainer=1, scaleToContainer=true, and scaleToContainer=""true"" """""" uses <pattern>tried NN</pattern> to describe the required information. The answer is YES.","The sentence """""" How do I use an `@Input` for a `boolean` without using `[]`? """""" uses <pattern>how to VB</pattern> to describe the required information. The answer is YES."
"The sentence """""" I want to force animation on every element in the *ngFor when at least one changes. """""" uses <pattern>want to VB</pattern> to describe the required information. The answer is YES.","The sentence """""" I have to do it or the one element that will stay behind breaks the animation a bit and I can not fix in any other way """""" uses <pattern>have to VB</pattern> to describe the required information. The answer is YES.","The sentence """""" Is that possible somehow? """""" uses <pattern>possible to VB</pattern> to describe the required information. The answer is YES."
"The sentence """""" Would it be possible to extend angular's build system with a webpack plugin that will transform a component's template _before_ angular processes it? """""" uses <pattern>possible to VB</pattern> to describe the required information. The answer is YES.","The sentence ""Does anyone have any suggestions, resources, etc that might help me on the path to figuring this out?"" uses <pattern>have NN that VB</pattern> to describe the required information. The answer is YES.","The sentence """""" Would it be possible to extend angular's build system with a webpack plugin that will transform a component's template _before_ angular processes it? """""" uses <pattern>be possible to VB</pattern> to describe the required information. The answer is YES."
"The sentence """""" How to fetch Organization data to display both detail and sidebar components at the same time? """""" uses <pattern>How to VB</pattern> to describe the required information. The answer is YES.","The sentence """""" How to fetch Organization data to display both detail and sidebar components at the same time? """""" uses <pattern>How to fetch NN to VB</pattern> to describe the required information. The answer is YES.","The sentence """""" I want to fetch the organization to be dynamic display org_logo and org_name on Sidebar when client click view their Organization detail """""" uses <pattern>want to VB</pattern> to describe the required information. The answer is YES."
"The sentence """""" I want to update form but I am getting error of bad request. """""" uses <pattern>want to VB</pattern> to describe the required information. The answer is YES.","The sentence """""" I want to update form but I am getting error of bad request. """""" uses <pattern>want to VB</pattern> to describe the required information. The answer is YES.","The sentence ""I want to update form but I am getting error of bad request."" uses <pattern>want to VB</pattern> to describe the required information. The answer is YES."
No patterns found. The answer is NO.,No patterns found. The answer is NO.,"The sentence """""" when I'm trying to upgrade angular 8 to 11. """""" uses <pattern>trying to VB</pattern> to describe the required information. The answer is YES."
"The sentence """""" You may need an appropriate loader to handle this file type, currently no loaders are configured to process this file. """""" uses <pattern>need NN to VB this file type</pattern> to describe the required information. The answer is YES.","The sentence """""" You may need an appropriate loader to handle this file type, currently no loaders are configured to process this file. """""" uses <pattern>need NN to VB</pattern> to describe the required information. The answer is YES.","The sentence """""" You may need an appropriate loader to handle this file type, currently no loaders are configured to process this file. """""" uses <pattern>need NN to VB NN</pattern> to describe the required information. The answer is YES."
"The sentence """""" I just want a button that adds an empty foo to my observable. """""" uses <pattern>want VB</pattern> to describe the required information. The answer is YES.","The sentence ""So I have a button that calls addFoo() that looks like this."" uses <pattern>have a button that calls VB()</pattern> to describe the required information. The answer is YES.","The sentence """""" I just want a button that adds an empty foo to my observable."""""" uses <pattern>just want to VB</pattern> to describe the required information. The answer is YES."
No patterns found. The answer is NO.,No patterns found. The answer is NO.,No patterns found. The answer is NO.
"The sentence """""" I want to achieve when I click on any of these buttons to display different content """""" uses <pattern>want to VB</pattern> to describe the required information. The answer is YES.","The sentence """""" I want to achieve when I click on any of these buttons to display different content """""" uses <pattern>want to VB</pattern> to describe the required information. The answer is YES.","The sentence """""" I want to achieve when I click on any of these buttons to display different content """""" uses <pattern>want to VB</pattern> to describe the required information. The answer is YES."
No patterns found. The answer is NO.,No patterns found. The answer is NO.,No patterns found. The answer is NO.
"The sentence """""" I don't know how to implement this. """""" uses <pattern>do not know how to VB</pattern> to describe the required information. The answer is YES.","The sentence """""" I don't know how to implement this. """""" uses <pattern>don't know how to VB</pattern> to describe the required information. The answer is YES.","The sentence """"""I don't know how to implement this."""""" uses <pattern>don't know how to VB</pattern> to describe the required information. The answer is YES."
No patterns found. The answer is NO.,"The sentence """""" Could anybody give me a hint how transform this properly that Ivy recognize what it needs? """""" uses <pattern>give NN a hint how to VB</pattern> to describe the required information. The answer is YES.","The sentence """""" Could anybody give me a hint how transform this properly that Ivy recognize what it needs? """""" uses <pattern>give NN a hint how to VB</pattern> to describe the required information. The answer is YES."
No patterns found. The answer is NO.,"The sentence """"""once first user done with editing then only other users are able to edit the image"""""" uses <pattern>done with VBG</pattern> to describe the required information. The answer is YES.",No patterns found. The answer is NO.
"The sentence """""" I wanted to know what's the best way to implement a ""webhook"" style of API call globally in my app. """""" uses <pattern>wanted to VB</pattern> to describe the required information. The answer is YES.","The sentence """""" I wanted to know what's the best way to implement a ""webhook"" style of API call globally in my app. """""" uses <pattern>wanted to know NN</pattern> to describe the required information. The answer is YES.","The sentence """""" I wanted to know what's the best way to implement a ""webhook"" style of API call globally in my app. """""" uses <pattern>wanted to VB</pattern> to describe the required information. The answer is YES."
"The sentence """""" So far it worked perfectly in Angular 6 - the watcher on the consumer app picked up any changes to the linked library and recompiled a new bundle that reflected them. """""" uses <pattern>worked perfectly in VB - the watcher on the consumer app picked up any changes to the linked library and recompiled a new bundle that reflected them</pattern> to describe the required information. The answer is YES.","The sentence """"""So far it worked perfectly in Angular 6 - the watcher on the consumer app picked up any changes to the linked library and recompiled a new bundle that reflected them."""""" uses <pattern>worked perfectly VB</pattern> to describe the required information. The answer is YES.","The sentence ""Can someone please help me with this?"" uses <pattern>help VB</pattern> to describe the required information. The answer is YES."
"The sentence """""" 'NG_PERSISTENT_BUILD_CACHE' is not recognized as an internal or external command, operable program or batch file. """""" uses <pattern>is not recognized as NN</pattern> to describe the required information. The answer is YES.","The sentence """""" I'm trying to test the new NG_PERSISTENT_BUILD_CACHE=1 (Angular v12.1) by using NG_PERSISTENT_BUILD_CACHE=1 ng serve but I get the message ""'NG_PERSISTENT_BUILD_CACHE' is not recognized as an internal or external command, operable program or batch file."" """""" uses <pattern>trying to VB</pattern> to describe the required information. The answer is YES.","The sentence """""" 'NG_PERSISTENT_BUILD_CACHE' is not recognized as an internal or external command, operable program or batch file. """""" uses <pattern>not recognized as VB</pattern> to describe the required information. The answer is YES."
No patterns found. The answer is NO.,"The sentence """""" but I think it should be 1,undefined,2 """""" uses <pattern>think VB</pattern> to describe the required information. The answer is YES.","The sentence """""" how its output is coming 1,1,2 """""" uses <pattern>how VB</pattern> to describe the required information. The answer is YES."
"The sentence """""" I'm struglling with making a call to fetch the CRSF cookie and after that to continue with my main request """""" uses <pattern>struggling with VB</pattern> to describe the required information. The answer is YES.","The sentence """""" I'm struglling with making a call to fetch the CRSF cookie and after that to continue with my main request """""" uses <pattern>struggling with making a call to VB and after that to continue with VB</pattern> to describe the required information. The answer is YES.","The sentence """""" I'm struglling with making a call to fetch the CRSF cookie and after that to continue with my main request """""" uses <pattern>struggling with VBing to VB</pattern> to describe the required information. The answer is YES."
"The sentence """"""when I change the inline template of any component to templateUrl, sourcemaps are gone."""""" uses <pattern>change NN to NN</pattern> to describe the required information. The answer is YES.","The sentence """"""Anyone has idea what can we do to bring them back?"""""" uses <pattern>has NN VB</pattern> to describe the required information. The answer is YES.","The sentence """""" when I change the inline template of any component to templateUrl, sourcemaps are gone """""" uses <pattern>change NN to NN</pattern> to describe the required information. The answer is YES."
"The sentence """""" i got weird behavior fetching data is fast and normal but it dosn't show up on html page , guess what ! i need to just scroll to appear ! its so weird """""" uses <pattern>need to VB</pattern> to describe the required information. The answer is YES.",No patterns found. The answer is NO.,"The sentence """""" i need to just scroll to appear ! """""" uses <pattern>need to VB</pattern> to describe the required information. The answer is YES."
"The sentence """""" I want to use hubspot sdk in angualr project. """""" uses <pattern>want to VB</pattern> to describe the required information. The answer is YES.","The sentence """""" I want to use hubspot sdk in angualr project. """""" uses <pattern>want to VB</pattern> to describe the required information. The answer is YES.","The sentence """""" I want to use hubspot sdk in angualr project """""" uses <pattern>want to VB</pattern> to describe the required information. The answer is YES."
"The sentence """""" I just want to collect some non trivial change detection use-cases to see what other pips is doing with it """""" uses <pattern>want to VB</pattern> to describe the required information. The answer is YES.",No patterns found. The answer is NO.,"The sentence """""" I just want to collect some non trivial change detection use-cases to see what other pips is doing with it """""" uses <pattern>want to VB</pattern> to describe the required information. The answer is YES."
"The sentence """""" I would like to have opinions on what do you think is the best practice of injecting a service to lazy loaded (or preloaded) module - to provide in root or in the specific lazy module? """""" uses <pattern>would like to VB</pattern> to describe the required information. The answer is YES.",No patterns found. The answer is NO.,"The sentence ""I would like to have opinions on what do you think is the best practice of injecting a service to lazy loaded (or preloaded) module - to provide in root or in the specific lazy module?"" uses <pattern>like to VB</pattern> to describe the required information. The answer is YES."
"The sentence """""" Sometimes when I make a code change, and angular rebuilds and serves the app, my Windows 10 laptop goes into energy spare mode. """""" uses <pattern>goes into NN</pattern> to describe the required information. The answer is YES.",No patterns found. The answer is NO.,No patterns found. The answer is NO.
"The sentence """""" angular component styles are not applying """""" uses <pattern>not VB</pattern> to describe the required information. The answer is YES.","The sentence """""" angular component styles are not applying """""" uses <pattern>be not VB</pattern> to describe the required information. The answer is YES.","The sentence """""" angular component styles are not applying """""" uses <pattern>are not VBG</pattern> to describe the required information. The answer is YES."
"The sentence """""" Do i need to handle the subscription manually, and clean it up? """""" uses <pattern>need to VB</pattern> to describe the required information. The answer is YES.","The sentence """""" Do i need to handle the subscription manually, and clean it up? """""" uses <pattern>need to VB</pattern> to describe the required information. The answer is YES.","The sentence """""" Do i need to handle the subscription manually, and clean it up? """""" uses <pattern>need to VB</pattern> to describe the required information. The answer is YES."
"The sentence """""" as I understand `--ivy` arg used to that, but it's an unknown option now """""" uses <pattern>understand VB to</pattern> to describe the required information. The answer is YES.","The sentence """""" as I understand `--ivy` arg used to that, but it's an unknown option now """""" uses <pattern>understand VB that, but VB</pattern> to describe the required information. The answer is YES.","The sentence """""" as I understand `--ivy` arg used to that, but it's an unknown option now """""" uses <pattern>understand that VB</pattern> to describe the required information. The answer is YES."
"The sentence """""" If I do that I get some stack errors ... Actually nvm .. I think it's cuz I'm importing the entire module """""" uses <pattern>get NN</pattern> to describe the required information. The answer is YES.","The sentence """""" If I do that I get some stack errors ... Actually nvm .. I think it's cuz I'm importing the entire module """""" uses <pattern>do VB</pattern> to describe the required information. The answer is YES.","The sentence """""" I think it's cuz I'm importing the entire module """""" uses <pattern>think VB</pattern> to describe the required information. The answer is YES."
"The sentence """""" i want to confirm that this is wrong and should be a mergemap - code follows. """""" uses <pattern>want to VB</pattern> to describe the required information. The answer is YES.","The sentence """""" i want to confirm that this is wrong and should be a mergemap """""" uses <pattern>want to VB</pattern> to describe the required information. The answer is YES.","The sentence """""" i want to confirm that this is wrong and should be a mergemap """""" uses <pattern>want to VB</pattern> to describe the required information. The answer is YES."
No patterns found. The answer is NO.,"The sentence """""" I can't use code :( """""" uses <pattern>can't use NN</pattern> to describe the required information. The answer is YES.","The sentence """""" I ordered it by date, but I need to remove the oldests with ""resource_type"": ""diagnostic""  """""" uses <pattern>need to VB</pattern> to describe the required information. The answer is YES."
"The sentence """""" Shadow DOM is not working """""" uses <pattern>not working</pattern> to describe the required information. The answer is YES.","The sentence """""" basically Shadow DOM is not working. """""" uses <pattern>not working</pattern> to describe the required information. The answer is YES.","The sentence """""" basically Shadow DOM is not working. """""" uses <pattern>is not working</pattern> to describe the required information. The answer is YES."
"The sentence """""" I want to import that component into another module """""" uses <pattern>want to VB</pattern> to describe the required information. The answer is YES.","The sentence """""" I want to import that component into another module """""" uses <pattern>want to VB</pattern> to describe the required information. The answer is YES.","The sentence """""" I want to import that component into another module, how is that done? """""" uses <pattern>want to VB</pattern> to describe the required information. The answer is YES."
"The sentence """""" I want to read 3 crore csv rows which is of 2GB csv file size and need to insert into MySQL via Java. """""" uses <pattern>want to VB</pattern> to describe the required information. The answer is YES.","The sentence """""" I want to read 3 crore csv rows which is of 2GB csv file size and need to insert into MySQL via Java. """""" uses <pattern>want to VB</pattern> to describe the required information. The answer is YES.","The sentence """""" I want to read 3 crore csv rows which is of 2GB csv file size and need to insert into MySQL via Java. """""" uses <pattern>want to VB</pattern> to describe the required information. The answer is YES."
"The sentence """""" So how can i get the updated data for a URL that is using route reuse strategy """""" uses <pattern>how can VB the updated data for a URL that is using route reuse strategy</pattern> to describe the required information. The answer is YES.","The sentence """""" I know the purpose of route reuse strategy and everything but sometimes when the same url is requested from the list of accepted cache URL's, the data is updated. """""" uses <pattern>know the purpose of NN but VB</pattern> to describe the required information. The answer is YES.","The sentence """""" So how can i get the updated data for a URL that is using route reuse strategy """""" uses <pattern>how can i VB the updated data for a URL that is using route reuse strategy</pattern> to describe the required information. The answer is YES."
No patterns found. The answer is NO.,"The sentence """""" Setting `outlet:""primary""` in the `Route` definition doesn't work; it will chose a child outlet (none of the children outlets have names assigned). """""" uses <pattern>does not work</pattern> to describe the required information. The answer is YES.",No patterns found. The answer is NO.
"The sentence """""" I like to understand if I can event.loaded and event.total to update a view? """""" uses <pattern>like to VB</pattern> to describe the required information. The answer is YES.","The sentence """""" I like to understand if I can event.loaded and event.total to update a view? """""" uses <pattern>like to VB</pattern> to describe the required information. The answer is YES.","The sentence """""" I like to understand if I can event.loaded and event.total to update a view? """""" uses <pattern>like to VB</pattern> to describe the required information. The answer is YES."
"The sentence """""" I'm trying to do some css styling on one of my components but having a little difficulty representing this logic for the ngClass """""" uses <pattern>trying to VB</pattern> to describe the required information. The answer is YES.",No patterns found. The answer is NO.,"The sentence """"""I'm trying to do some css styling on one of my components but having a little difficulty representing this logic for the ngClass"""""" uses <pattern>trying to VB</pattern> to describe the required information. The answer is YES."
"The sentence """""" any ideas how to combat this problem? """""" uses <pattern>ideas how to VB</pattern> to describe the required information. The answer is YES.","The sentence """""" Now the new problem is I need data from the Parent Component in the grandchild component """""" uses <pattern>need NN from NN</pattern> to describe the required information. The answer is YES.","The sentence """""" any ideas how to combat this problem? """""" uses <pattern>ideas how to VB</pattern> to describe the required information. The answer is YES."
"The sentence """""" Does anyone know how to solve this properly and could help me out? """""" uses <pattern>know how to VB</pattern> to describe the required information. The answer is YES.","The sentence """""" The problem is that is needs to clear the state every time a new array of images is emitted on the imagesSubject """""" uses <pattern>needs to VB every time</pattern> to describe the required information. The answer is YES.","The sentence """""" Does anyone know how to solve this properly and could help me out? """""" uses <pattern>know how to VB</pattern> to describe the required information. The answer is YES."
No patterns found. The answer is NO.,"The sentence ""routerevents works fine, but i dont want to leave the OB subscribed"" uses <pattern>dont want to VB</pattern> to describe the required information. The answer is YES.",No patterns found. The answer is NO.
"The sentence """""" the effect i'm seeking is essentially a new property that exists during ngfor iteration instances => a transformer that accepts DTO and composed DTO.date1 && DTO.date2 into Event {date1, date2} """""" uses <pattern>seeking NN</pattern> and <pattern>accepts NN</pattern> to describe the required information. The answer is YES.",No patterns found. The answer is NO.,No patterns found. The answer is NO.
No patterns found. The answer is NO.,No patterns found. The answer is NO.,"The sentence """""" Cannot read property 'disabled' of undefined --- angular 12 unit test
"""""" uses <pattern>Cannot read property NN of undefined</pattern> to describe the required information. The answer is YES."
"The sentence """""" How can i move/change dialog position when scrolling? is it possible? """""" uses <pattern>can VB</pattern> to describe the required information. The answer is YES.","The sentence """""" How can i move/change dialog position when scrolling? is it possible? """""" uses <pattern>can VB</pattern> to describe the required information. The answer is YES.","The sentence """""" How can i move/change dialog position when scrolling? """""" uses <pattern>How can i VB</pattern> to describe the required information. The answer is YES."
"The sentence """""" i`m trying to remove elements from ngFor list, and want them immediately removed from my list (after i sent http request to server) """""" uses <pattern>trying to VB</pattern> to describe the required information. The answer is YES.","The sentence """""" i`m trying to remove elements from ngFor list, and want them immediately removed from my list (after i sent http request to server) """""" uses <pattern>trying to VB</pattern> to describe the required information. The answer is YES.","The sentence """""" i cannot achieve that even when i fetch new list afetr removing an element from it """""" uses <pattern>cannot achieve VB</pattern> to describe the required information. The answer is YES."
"The sentence """""" Is it possible to restrict user to access website with IP address from Frontend side if not so why it's not possible? """""" uses <pattern>possible to VB</pattern> to describe the required information. The answer is YES.","The sentence """""" Is it possible to restrict user to access website with IP address from Frontend side if not so why it's not possible? """""" uses <pattern>possible to VB</pattern> to describe the required information. The answer is YES.","The sentence """""" Is it possible to restrict user to access website with IP address from Frontend side if not so why it's not possible? """""" uses <pattern>possible to VB</pattern> to describe the required information. The answer is YES."
"The sentence """""" I've marked an old module as deprecated, which gives a little warning in the IDE when it's imported. """""" uses <pattern>marked VB as JJ, which gives NN in NN when VB</pattern> to describe the required information. The answer is YES.","The sentence """""" Is there a way to output a console warning whenever that module is imported by another module? """""" uses <pattern>Is there a way to VB</pattern> to describe the required information. The answer is YES.","The sentence """""" Is there a way to output a console warning whenever that module is imported by another module? """""" uses <pattern>Is there a way to VB</pattern> to describe the required information. The answer is YES."
"The sentence """""" the markAsPristine work only after that all subforms are initialized. """""" uses <pattern>work only after that</pattern> to describe the required information. The answer is YES.","The sentence """"""the markAsPristine work only after that all subforms are initialized."""""" uses <pattern>work only after that CC</pattern> to describe the required information. The answer is YES.","The sentence """""" the markAsPristine work only after that all subforms are initialized. """""" uses <pattern>work only after that</pattern> to describe the required information. The answer is YES."
"The sentence """""" I figure the above should also work - and globally. """""" uses <pattern>should VB</pattern> to describe the required information. The answer is YES.","The sentence """""" I add either and when an error occurs, nothing happens """""" uses <pattern>add NN</pattern> to describe the required information. The answer is YES.","The sentence """""" I add either and when an error occurs, nothing happens """""" uses <pattern>add NN</pattern> to describe the required information. The answer is YES."
"The sentence """""" Can anyone tell me how to resolve this.? """""" uses <pattern>can VB</pattern> to describe the required information. The answer is YES.","The sentence """""" even though I install the required version it still detects the higher version and throws the same error. """""" uses <pattern>install the required version but still VB the higher version</pattern> to describe the required information. The answer is YES.","The sentence """""" Can anyone tell me how to resolve this.? """""" uses <pattern>tell to VB</pattern> to describe the required information. The answer is YES."
"The sentence """""" It seems though that the modules and services that would need that data are being initialized before the APP_INITIALIZER:useFactory promise completes. """""" uses <pattern>seems though that VB PRON VB ING before</pattern> to describe the required information. The answer is YES.","The sentence """""" It seems though that the modules and services that would need that data are being initialized before the `APP_INITIALIZER:useFactory` promise completes. """""" uses <pattern>seems though that NN VB before NN VB</pattern> to describe the required information. The answer is YES.","The sentence """""" It seems though that the modules and services that would need that data are being initialized before the `APP_INITIALIZER:useFactory` promise completes. """""" uses <pattern>be VBG before NN completes</pattern> to describe the required information. The answer is YES."
No patterns found. The answer is NO.,No patterns found. The answer is NO.,No patterns found. The answer is NO.
No patterns found. The answer is NO.,No patterns found. The answer is NO.,No patterns found. The answer is NO.
"The sentence """""" at the moment I am overwrite the method to can pass other `SectionFormComponent` as type and as param """""" uses <pattern>am overwrite the method to can pass other NN as type and as param</pattern> to describe the required information. The answer is YES.","The sentence """""" at the moment I am overwrite the method to can pass other SectionFormComponent as type and as param """""" uses <pattern>overwrite NN to VB</pattern> to describe the required information. The answer is YES.","The sentence """""" at the moment I am overwrite the method to can pass other `SectionFormComponent` as type and as param """""" uses <pattern>am overwrite the method to VB</pattern> to describe the required information. The answer is YES."
"The sentence """"""Because my problem seems the access-token not refreshing, and ONLY refresh, when signInWithPopup called."""""" uses <pattern>problem NN not VBG</pattern> to describe the required information. The answer is YES.","The sentence """""" Someone faced this problem before? """""" uses <pattern>someone NN before</pattern> to describe the required information. The answer is YES.","The sentence """""" Someone faced this problem before? """""" uses <pattern>someone VB this problem before</pattern> to describe the required information. The answer is YES."
No patterns found. The answer is NO.,No patterns found. The answer is NO.,No patterns found. The answer is NO.
"The sentence """""" Is there something like that for Angular? """""" uses <pattern>Is there something like that for NN</pattern> to describe the required information. The answer is YES.","The sentence """""" Is there something like that for Angular? """""" uses <pattern>Is there something like that for</pattern> to describe the required information. The answer is YES.","The sentence """""" Is there something like that for Angular? """""" uses <pattern>is there something like that for NN</pattern> to describe the required information. The answer is YES."
"The sentence """""" The serve command is somewhat working, but the compiler is complaining in just one component apparently saying that it doesn't recognize the selectors in the html Example. """""" uses <pattern>complaining VB that PRON does not recognize DET NNS in DET html Example</pattern> to describe the required information. The answer is YES.","The sentence """""" The serve command is somewhat working, but the compiler is complaining in just one component apparently saying that it doesn't recognize the selectors in the html Example. """""" uses <pattern>complaining VB</pattern> to describe the required information. The answer is YES.","The sentence """""" The serve command is somewhat working, but the compiler is complaining in just one component apparently saying that it doesn't recognize the selectors in the html Example."""""" uses <pattern>complaining VBZ that it does VBP not recognize VB the selectors in the html NN</pattern> to describe the required information. The answer is YES."
"The sentence """""" the headers map is private , it would be great if I can at least get a copy """""" uses <pattern>would VB if I can VB</pattern> to describe the required information. The answer is YES.","The sentence """""" it would be great if I can at least get a copy """""" uses <pattern>would VB if PRP MD at least VB DT</pattern> to describe the required information. The answer is YES.","The sentence """""" it would be great if I can at least get a copy """""" uses <pattern>would be great if I VB</pattern> to describe the required information. The answer is YES."
"The sentence """""" so I changed it to a function instead """""" uses <pattern>changed it to NN instead</pattern> to describe the required information. The answer is YES.","The sentence """""" so I changed it to a function instead """""" uses <pattern>changed it to NP instead</pattern> to describe the required information. The answer is YES.","The sentence """""" but do I use no parenthesis or with paranthesis when defining it in `useFactory`? """""" uses <pattern>do VB</pattern> to describe the required information. The answer is YES."
"The sentence """""" I wanted to create or reuse a shareable config for my team to use. """""" uses <pattern>wanted to VB</pattern> to describe the required information. The answer is YES.","The sentence """""" I wanted to create ore reuse a shareable config for my team to use. """""" uses <pattern>wanted to VB</pattern> to describe the required information. The answer is YES.",No patterns found. The answer is NO.
"The sentence """""" So, in this case, how to get a callback/response of this error message to the rendered component from the recaptcha? """""" uses <pattern>how to get VB</pattern> to describe the required information. The answer is YES.","The sentence """""" So, in this case, how to get a callback/response of this error message to the rendered component from the recaptcha? """""" uses <pattern>how to VB</pattern> to describe the required information. The answer is YES.","The sentence """""" So, in this case, how to get a callback/response of this error message to the rendered component from the recaptcha? """""" uses <pattern>how to VB</pattern> to describe the required information. The answer is YES."
"The sentence """""" Our next step is to create a reactive form presentation of our data. """""" uses <pattern>create NN presentation of NN data</pattern> to describe the required information. The answer is YES.",No patterns found. The answer is NO.,"The sentence """""" how would you do it? itemized forms for the entire collection, or something fancy with pipes in the template, or something simple with databinding to item.current? """""" uses <pattern>would VB it ?</pattern> to describe the required information. The answer is YES."
"The sentence ""From my first look, there does not seem to have conflicts, but has anybody here tried to do the same and saw any issues ?"" uses <pattern>does not seem to VB, tried to VB</pattern> to describe the required information. The answer is YES.","The sentence """""" There does not seem to have conflicts """""" uses <pattern>not seem to VB</pattern> to describe the required information. The answer is YES.","The sentence """"""From my first look, there does not seem to have conflicts, but has anybody here tried to do the same and saw any issues ?"""""" uses <pattern>seem to VB</pattern> to describe the required information. The answer is YES."
No patterns found. The answer is NO.,No patterns found. The answer is NO.,No patterns found. The answer is NO.
No patterns found. The answer is NO.,No patterns found. The answer is NO.,No patterns found. The answer is NO.
"The sentence ""Can you please kindly suggest me a tool or any interceptor without touching the code?"" uses <pattern>suggest NN</pattern> to describe the required information. The answer is YES.","The sentence """""" I'm looking for a tool which just captures the request and response in a database or csv file and no other details are required. """""" uses <pattern>looking for NN</pattern> to describe the required information. The answer is YES.","The sentence """""" I'm looking for a tool which just captures the request and response in a database or csv file and no other details are required. """""" uses <pattern>looking for a NN which VB</pattern> to describe the required information. The answer is YES."
"The sentence """""" Relevant [angular-cli issue] doesn't provide a definitive solution despite having been closed. """""" uses <pattern>provide a definitive solution VB</pattern> to describe the required information. The answer is YES.","The sentence """""" What are we supposed to do here? """""" uses <pattern>supposed to VB</pattern> to describe the required information. The answer is YES.","The sentence """""" What are we supposed to do here? """""" uses <pattern>supposed to VB</pattern> to describe the required information. The answer is YES."
"The sentence """""" Like adding class based on url?? """""" uses <pattern>adding class based on NN</pattern> to describe the required information. The answer is YES.","The sentence ""Do you have any idea how to make my landing page nav-link active?"" uses <pattern>how to make NN</pattern> to describe the required information. The answer is YES.","The sentence """""" Do you have any idea how to make my landing page nav-link active? """""" uses <pattern>have any idea how to VB</pattern> to describe the required information. The answer is YES."
"The sentence """""" The goal is to have one `Store`, I wonder how is it possible with a such factory method since every time we call that method we create a new instance. """""" uses <pattern>wonder how VB</pattern> to describe the required information. The answer is YES.","The sentence """""" The goal is to have one Store, I wonder how is it possible with a such factory method since every time we call that method we create a new instance. """""" uses <pattern>wonder how VB PP VB VB a such JJ NN since </pattern> to describe the required information. The answer is YES.","The sentence """""" The goal is to have one `Store`, I wonder how is it possible with a such factory method since every time we call that method we create a new instance. """""" uses <pattern>wonder how is it possible with a such NN since every time we call that NN</pattern> to describe the required information. The answer is YES."
"The sentence """""" If various apps, modules, and components are built on different sub/domains (different origins), how can these 'remotes' be assembled within a 'host'/shell without running into CORS restrictions? """""" uses <pattern>how can WP VB without ING</pattern> to describe the required information. The answer is YES.","The sentence """""" If various apps, modules, and components are built on different sub/domains (different origins), how can these 'remotes' be assembled within a 'host'/shell without running into CORS restrictions? """""" uses <pattern>how can VB without VBG</pattern> to describe the required information. The answer is YES.","The sentence """""" If various apps, modules, and components are built on different sub/domains (different origins), how can these 'remotes' be assembled within a 'host'/shell without running into CORS restrictions? """""" uses <pattern>how to VB</pattern> to describe the required information. The answer is YES."
"The sentence """""" How do I import a js file into an angular component? """""" uses <pattern>How do I VB</pattern> to describe the required information. The answer is YES.","The sentence """""" I want to use the js library as says in the doc. """""" uses <pattern>want to VB</pattern> to describe the required information. The answer is YES.","The sentence """""" I want to use the js library as says in the doc. """""" uses <pattern>want to VB</pattern> to describe the required information. The answer is YES."
"The sentence """""" I do not know why. """""" uses <pattern>do not know VB</pattern> to describe the required information. The answer is YES.","The sentence """""" I do not know why """""" uses <pattern>not know VB</pattern> to describe the required information. The answer is YES.","The sentence ""I have problem I do not know solve"" uses <pattern>not know VB</pattern> to describe the required information. The answer is YES."
"The sentence ""That would be great if you could let me know your opinion and suggestion"" uses <pattern>would VB if you could NN</pattern> to describe the required information. The answer is YES.","The sentence """""" That would be great if you could let me know your opinion and suggestion """""" uses <pattern>let VB NN NN NN</pattern> to describe the required information. The answer is YES.","The sentence """"""That would be great if you could let me know your opinion and suggestion"""""" uses <pattern>would be VB if you could let NN know your NN and NN</pattern> to describe the required information. The answer is YES."
"The sentence """""" The OPTIONS request never contains my added header. """""" uses <pattern>never contains NN</pattern> to describe the required information. The answer is YES.","The sentence """""" I'm trying to add a header to my preflight requests using an interceptor but the OPTIONS request never contains my added header. """""" uses <pattern>trying to VB</pattern> to describe the required information. The answer is YES.","The sentence """""" I'm trying to add a header to my preflight requests using an interceptor but the OPTIONS request never contains my added header. """""" uses <pattern>trying to VB</pattern> to describe the required information. The answer is YES."
"The sentence """""" Is there like a smart way to default the values of this interface that aren't populated by the data from my yaml to 0? """""" uses <pattern>Is there like a smart way to VB</pattern> to describe the required information. The answer is YES.","The sentence """""" Is there like a smart way to default the values of this interface that aren't populated by the data from my yaml to 0? """""" uses <pattern>Is there like NP to VB</pattern> to describe the required information. The answer is YES.","The sentence """""" Is there like a smart way to default the values of this interface that aren't populated by the data from my yaml to 0? """""" uses <pattern>Is there like a smart way to VB</pattern> to describe the required information. The answer is YES."
"The sentence """""" The 'Object' type is assignable to very few other types. Did you mean to use the 'any' type instead? Type 'Object' is not assignable to type 'any[]'. The 'Object' type is assignable to very few other types. Did you mean to use the 'any' type instead? """""" uses <pattern>mean to VB</pattern> to describe the required information. The answer is YES.","The sentence """""" the angular doesn't accept this ( ngFor=""let post of posts$"" ) """""" uses <pattern>doesn't accept PRP VBP</pattern> to describe the required information. The answer is YES.","The sentence """""" The 'Object' type is assignable to very few other types. Did you mean to use the 'any' type instead? Type 'Object' is not assignable to type 'any[]'. The 'Object' type is assignable to very few other types. Did you mean to use the 'any' type instead? 21 <div class= ""posts"" *ngFor = ""let post of posts$"">"" """""" uses <pattern>Did you mean to use VB</pattern> to describe the required information. The answer is YES."
"The sentence ""when click the data it should be added in another component in text field as a value"" uses <pattern>should be VB in NN</pattern> to describe the required information. The answer is YES.",No patterns found. The answer is NO.,"The sentence """""" when click the data it should be added in another component in text field as a value """""" uses <pattern>should VB in NN</pattern> to describe the required information. The answer is YES."
"The sentence """""" I don't need this data like immediately. """""" uses <pattern>don't need to VB</pattern> to describe the required information. The answer is YES.","The sentence """""" What I thought might be better if I could somehow grab a value, do stuff to it... see if there's a next value, and if there is basically call setTimeout or some kind of delay to do work on the next value in the future. """""" uses <pattern>if there is basically call VB</pattern> to describe the required information. The answer is YES.","The sentence """""" I have a generator which I can keep calling .next() on until it's done. """""" uses <pattern>have NN</pattern> to describe the required information. The answer is YES."
"The sentence """""" we would like to upgrade angular to the latest version (12) and as I know, Angular 12 will not accept HTML file in file replacement any more. """""" uses <pattern>upgrade to NN</pattern> to describe the required information. The answer is YES.","The sentence """""" However, we would like to upgrade angular to the latest version (12) and as I know, Angular 12 will not accept HTML file in file replacement any more. """""" uses <pattern>not accept NN in NN</pattern> to describe the required information. The answer is YES.","The sentence """""" However, we would like to upgrade angular to the latest version (12) and as I know, Angular 12 will not accept HTML file in file replacement any more. """""" uses <pattern>to VB</pattern> to describe the required information. The answer is YES."
"The sentence """""" if that module has some service with provide in root, is it possible to allow that service to get the values provided in the lazy loaded module? """""" uses <pattern>possible to VB</pattern> to describe the required information. The answer is YES.",No patterns found. The answer is NO.,"The sentence """""" When you lazy load a module, if that module has some service with provide in root, is it possible to allow that service to get the values provided in the lazy loaded module? """""" uses <pattern>is it possible to VB</pattern> to describe the required information. The answer is YES."
No patterns found. The answer is NO.,"The sentence """""" I would like to know if it's possible to move the component specific styles to a css file """""" uses <pattern>possible to VB</pattern> to describe the required information. The answer is YES.",No patterns found. The answer is NO.
"The sentence ""After upgrading from angular 9 to 11 I'm getting this error when trying to ng build --prod"" uses <pattern>trying to VB</pattern> to describe the required information. The answer is YES.",No patterns found. The answer is NO.,"The sentence ""After upgrading from angular 9 to 11 I'm getting this error when trying to ng build --prod"" uses <pattern>trying to VB</pattern> to describe the required information. The answer is YES."
"The sentence """""" Does anyone uses sonarqube for angular ? """""" uses <pattern>anyone uses NN for NN</pattern> to describe the required information. The answer is YES.","The sentence ""Is that tool popular in the angular community?"" uses <pattern>tool JJ in NN</pattern> to describe the required information. The answer is YES.","The sentence """""" Is that tool popular in the angular community ? """""" uses <pattern>Is VB</pattern> to describe the required information. The answer is YES."
"The sentence """""" Still not working.... """""" uses <pattern>VB-ing</pattern> to describe the required information. The answer is YES.","The sentence ""Still not working...."" uses <pattern>still not VB</pattern> to describe the required information. The answer is YES.","The sentence """""" Still not working.... """""" uses <pattern>not working</pattern> to describe the required information. The answer is YES."
"The sentence """""" I am new to angular want to understand how can i unit test an interceptor using jasmine and karma. """""" uses <pattern>want to VB</pattern> to describe the required information. The answer is YES.","The sentence """""" I am new to angular want to understand how can i unit test an interceptor using jasmine and karma. """""" uses <pattern>want to VB</pattern> to describe the required information. The answer is YES.",No patterns found. The answer is NO.
"The sentence """""" Problem is that I have a lot of routings and redirects written in code (router.navigate('/dashboard')) so I cant change my router because then all that redirects will not work. """""" uses <pattern>can't change VB</pattern> to describe the required information. The answer is YES.","The sentence """"""so I cant change my router because then all that redirects will not work"""""" uses <pattern>cant change NN</pattern> to describe the required information. The answer is YES.","The sentence """""" Now I need to update it so it should contain language parameter in url """""" uses <pattern>need to VB</pattern> to describe the required information. The answer is YES."
"The sentence """""" Can anybody explain to me like im 5, how the @Host resolution modifier and the element injector are working? """""" uses <pattern>explain to PRP like PRP VB</pattern> to describe the required information. The answer is YES.","The sentence """""" I dont quite understand why it works that way. """""" uses <pattern>do not understand why VB</pattern> to describe the required information. The answer is YES.","The sentence """""" Can anybody explain to me like im 5, how the @Host resolution modifier and the element injector are working? """""" uses <pattern>explain to NN how DT @NN resolution modifier and the element injector are working</pattern> to describe the required information. The answer is YES."
"The sentence """""" If i am on same page and if some data changes in api then i need to get update on that very page without any reload or refresh """""" uses <pattern>need to VB</pattern> to describe the required information. The answer is YES.","The sentence """""" If i am on same page and if some data changes in api then i need to get update on that very page without any reload or refresh """""" uses <pattern>need to VB</pattern> to describe the required information. The answer is YES.",
